epoch,step,val_loss
0,62,0.37134841084480286
1,125,0.22214658558368683
2,188,0.13876330852508545
3,251,0.1052304208278656
4,314,0.07533401995897293
5,377,0.053199123591184616
6,440,0.045642267912626266
7,503,0.04941326752305031
8,566,0.03573906049132347
9,629,0.030051810666918755
10,692,0.031083103269338608
11,755,0.030533168464899063
12,818,0.022456398233771324
13,881,0.021179726347327232
